<?xml version="1.0" encoding="UTF-8"?>
<project-private xmlns="http://www.netbeans.org/ns/project-private/1">
    <editor-bookmarks xmlns="http://www.netbeans.org/ns/editor-bookmarks/2" lastBookmarkId="0"/>
    <open-files xmlns="http://www.netbeans.org/ns/projectui-open-files/2">
        <group>
            <file>file:/C:/xampp/htdocs/pkl/home.php</file>
            <file>file:/C:/xampp/htdocs/pkl/mapel/prosesedit.php</file>
            <file>file:/C:/xampp/htdocs/pkl/index.php</file>
            <file>file:/C:/xampp/htdocs/pkl/footer.php</file>
            <file>file:/C:/xampp/htdocs/pkl/header.php</file>
            <file>file:/C:/xampp/htdocs/pkl/siswa/siswa.php</file>
            <file>file:/C:/xampp/htdocs/pkl/mapel/prosestambah.php</file>
            <file>file:/C:/xampp/htdocs/pkl/mapel/mapel.php</file>
            <file>file:/C:/xampp/htdocs/pkl/koneksi.php</file>
        </group>
    </open-files>
</project-private>
